Archive,Code,Actor,Action
D1-002,002,Nikos,Walk
D1-003,003,Nikos,Run
D1-004,004,Nikos,Jump
D1-005,005,Nikos,Bend
D1-006,006,Nikos,Hand-wave
D1-007,007,Nikos,Jump in place
D1-015,015,Natali,Walk
D1-016,016,Natali,Run
D1-017,017,Natali,Jump
D1-018,018,Natali,Bend
D1-019,019,Natali,Hand-wave
D1-020,020,Natali,Jump in place
D1-028,028,Chris,Walk
D1-029,029,Chris,Run
D1-030,030,Chris,Jump
D1-031,031,Chris,Bend
D1-032,032,Chris,Hand-wave
D1-033,033,Chris,Jump in place
D1-041,041,Jon,Walk
D1-042,042,Jon,Run
D1-043,043,Jon,Jump
D1-044,044,Jon,Bend
D1-045,045,Jon,Hand-wave
D1-046,046,Jon,Jump in place
D2-001,001,Haidi,Walk
D2-002,002,Haidi,Run
D2-003,003,Haidi,Jump
D2-004,004,Haidi,Bend
D2-005,005,Haidi,Hand-wave
D2-006,006,Haidi,Jump in place
D2-014,014,Jean,Walk
D2-015,015,Jean,Run
D2-016,016,Jean,Jump
D2-017,017,Jean,Bend
D2-018,018,Jean,Hand-wave
D2-019,019,Jean,Jump in place
D2-029,029,Hansung,Walk
D2-042,042,Hansung,Run
D2-043,043,Hansung,Jump
D2-044,044,Hansung,Bend
D2-045,045,Hansung,Hand-wave
D2-046,046,Hansung,Jump in place
D2-052,001,Joe,Walk
D2-030,030,Joe,Run
D2-031,031,Joe,Jump
D2-032,032,Joe,Bend
D2-033,033,Joe,Hand-wave
D2-034,034,Joe,Jump in place
